<application>
  <component name="MaterialThemeConfig">
    <option name="allowDataCollection" value="true" />
    <option name="isWizardShown" value="true" />
    <option name="overrideAccentColor" value="false" />
    <option name="pristineConfig" value="false" />
    <option name="tabFontSizeEnabled" value="true" />
    <option name="tabFontSize" value="18" />
    <option name="accentColor" value="7cb342" />
    <option name="selectedTheme" value="DARKER" />
    <option name="userId" value="5356a81c:16e13f2fa6d:-8000" />
    <option name="version" value="4.11.5" />
  </component>
</application>