<application>
  <component name="MaterialThemeConfig">
    <option name="allowDataCollection" value="true" />
    <option name="darkTitleBar" value="true" />
    <option name="isHighContrast" value="true" />
    <option name="isWizardShown" value="true" />
    <option name="pristineConfig" value="false" />
    <option name="treeFontSizeEnabled" value="true" />
    <option name="useMaterialFont2" value="true" />
    <option name="treeFontSize" value="16" />
    <option name="settingsSelectedTab" value="3" />
    <option name="accentColor" value="7cb342" />
    <option name="selectedTheme" value="CUSTOM" />
    <option name="userId" value="6661207f:1675b968bae:-8000" />
    <option name="version" value="4.5.2" />
  </component>
</application>